Veranstaltungstitel	Bisonlink	Veranstaltungsart	SWS	Sprache	Tag
Architektur- und Baugeschichte, Teil 1: Von den Anfängen bis zur Baukunst des Mittelalters	https://www.uni-weimar.de/qisserver/rds?state=verpublish&status=init&vmfile=no&publishid=50734&moduleCall=webInfo&publishConfFile=webInfo&publishSubDir=veranstaltung	Vorlesung	2	deutsch	Mo.
Besuch von Weimarer Firmen und Kultureinrichtungen	https://www.uni-weimar.de/qisserver/rds?state=verpublish&status=init&vmfile=no&publishid=50706&moduleCall=webInfo&publishConfFile=webInfo&publishSubDir=veranstaltung	Informationsveranstaltung	missing	deutsch	Mi.
Bildgewalt	https://www.uni-weimar.de/qisserver/rds?state=verpublish&status=init&vmfile=no&publishid=51355&moduleCall=webInfo&publishConfFile=webInfo&publishSubDir=veranstaltung	Plenum	4	deutsch	Fr.
Alles eine Frage der Haltung? (Dokumentarfilmprojekt)	https://www.uni-weimar.de/qisserver/rds?state=verpublish&status=init&vmfile=no&publishid=51709&moduleCall=webInfo&publishConfFile=webInfo&publishSubDir=veranstaltung	Projektmodul	16	deutsch/englisch	Di.
Care and Empowerment through textile art in the Americas and beyond	https://www.uni-weimar.de/qisserver/rds?state=verpublish&status=init&vmfile=no&publishid=51560&moduleCall=webInfo&publishConfFile=webInfo&publishSubDir=veranstaltung	Wissenschaftliches Modul	6	englisch	missing
Complaint!ivism?	https://www.uni-weimar.de/qisserver/rds?state=verpublish&status=init&vmfile=no&publishid=51597&moduleCall=webInfo&publishConfFile=webInfo&publishSubDir=veranstaltung	Wissenschaftliches Modul	2	deutsch/englisch	Mi.
Animation	https://www.uni-weimar.de/qisserver/rds?state=verpublish&status=init&vmfile=no&publishid=51792&moduleCall=webInfo&publishConfFile=webInfo&publishSubDir=veranstaltung	Projektmodul	16	deutsch/englisch	missing
Critical VR Lab II	https://www.uni-weimar.de/qisserver/rds?state=verpublish&status=init&vmfile=no&publishid=51547&moduleCall=webInfo&publishConfFile=webInfo&publishSubDir=veranstaltung	Fachmodul	4	englisch	Fr.
Biologie der Technik	https://www.uni-weimar.de/qisserver/rds?state=verpublish&status=init&vmfile=no&publishid=51271&moduleCall=webInfo&publishConfFile=webInfo&publishSubDir=veranstaltung	Seminar	2	deutsch	Mo.
Einführung in den Brückenbau	https://www.uni-weimar.de/qisserver/rds?state=verpublish&status=init&vmfile=no&publishid=50686&moduleCall=webInfo&publishConfFile=webInfo&publishSubDir=veranstaltung	Integrierte Vorlesung	4	deutsch	Di.
Bruno Latour: Wir sind nie modern gewesen	https://www.uni-weimar.de/qisserver/rds?state=verpublish&status=init&vmfile=no&publishid=51272&moduleCall=webInfo&publishConfFile=webInfo&publishSubDir=veranstaltung	Seminar	2	deutsch	Di.
Baumassnahmen	https://www.uni-weimar.de/qisserver/rds?state=verpublish&status=init&vmfile=no&publishid=51217&moduleCall=webInfo&publishConfFile=webInfo&publishSubDir=veranstaltung	Sonstige Veranstaltung	missing	missing	missing
3D Animation II - Aufbaukurs	https://www.uni-weimar.de/qisserver/rds?state=verpublish&status=init&vmfile=no&publishid=51456&moduleCall=webInfo&publishConfFile=webInfo&publishSubDir=veranstaltung	Fachmodul	6	deutsch/englisch	Mo.
Extraction of main content and metadata from web crawls	https://www.uni-weimar.de/qisserver/rds?state=verpublish&status=init&vmfile=no&publishid=51503&moduleCall=webInfo&publishConfFile=webInfo&publishSubDir=veranstaltung	Projekt	10	englisch	missing
Bachelor Kolloquium Multimediales Erzählen	https://www.uni-weimar.de/qisserver/rds?state=verpublish&status=init&vmfile=no&publishid=50507&moduleCall=webInfo&publishConfFile=webInfo&publishSubDir=veranstaltung	Kolloquium	2	deutsch	Do.
Arbeiten zur Präsentation zum Berufseinstieg	https://www.uni-weimar.de/qisserver/rds?state=verpublish&status=init&vmfile=no&publishid=50459&moduleCall=webInfo&publishConfFile=webInfo&publishSubDir=veranstaltung	Berufsvorbereitungsmodul	2	deutsch	missing
Academic English Part One	https://www.uni-weimar.de/qisserver/rds?state=verpublish&status=init&vmfile=no&publishid=50539&moduleCall=webInfo&publishConfFile=webInfo&publishSubDir=veranstaltung	Kurs	2	englisch	Di.
7. Planungsprojekt: Wohnungsfragen in der Zwischenstadt: Erkundungen rund um München	https://www.uni-weimar.de/qisserver/rds?state=verpublish&status=init&vmfile=no&publishid=51382&moduleCall=webInfo&publishConfFile=webInfo&publishSubDir=veranstaltung	Projekt	8	deutsch	Do.
Building Information Modeling im Ingenieurbau	https://www.uni-weimar.de/qisserver/rds?state=verpublish&status=init&vmfile=no&publishid=50893&moduleCall=webInfo&publishConfFile=webInfo&publishSubDir=veranstaltung	Integrierte Vorlesung	4	deutsch	Mi.
Datafizierung des Medienmanagements	https://www.uni-weimar.de/qisserver/rds?state=verpublish&status=init&vmfile=no&publishid=51296&moduleCall=webInfo&publishConfFile=webInfo&publishSubDir=veranstaltung	Seminar	2	deutsch	Mi.
Critical VR Lab I	https://www.uni-weimar.de/qisserver/rds?state=verpublish&status=init&vmfile=no&publishid=51544&moduleCall=webInfo&publishConfFile=webInfo&publishSubDir=veranstaltung	Fachmodul	4	englisch	Do.
Academic English Part Two	https://www.uni-weimar.de/qisserver/rds?state=verpublish&status=init&vmfile=no&publishid=50463&moduleCall=webInfo&publishConfFile=webInfo&publishSubDir=veranstaltung	Kurs	2	englisch	Mi.
Einführung in die Programmierung	https://www.uni-weimar.de/qisserver/rds?state=verpublish&status=init&vmfile=no&publishid=50981&moduleCall=webInfo&publishConfFile=webInfo&publishSubDir=veranstaltung	Vorlesung	4	deutsch/englisch	Do.
Exkursion	https://www.uni-weimar.de/qisserver/rds?state=verpublish&status=init&vmfile=no&publishid=51568&moduleCall=webInfo&publishConfFile=webInfo&publishSubDir=veranstaltung	Exkursion	missing	deutsch/englisch	missing
Erstes Treffen mit den Tutoren (First meeting with the tutors)	https://www.uni-weimar.de/qisserver/rds?state=verpublish&status=init&vmfile=no&publishid=50727&moduleCall=webInfo&publishConfFile=webInfo&publishSubDir=veranstaltung	Sonstige Veranstaltung	missing	missing	Mo.
Bauweisen des Konstruktiven Ingenieurbaus I - Konstruktionen des Holz- und Mauerwerksbaus (Nachhaltiges Bauen)	https://www.uni-weimar.de/qisserver/rds?state=verpublish&status=init&vmfile=no&publishid=50834&moduleCall=webInfo&publishConfFile=webInfo&publishSubDir=veranstaltung	Vorlesung	2	deutsch	Mo.
Augen Ohren Hören	https://www.uni-weimar.de/qisserver/rds?state=verpublish&status=init&vmfile=no&publishid=51318&moduleCall=webInfo&publishConfFile=webInfo&publishSubDir=veranstaltung	Seminar	2	deutsch	Sa.
Begrüßung der Studienanfänger/innen und Vorstellung der Tutoren/innen (New student reception and introduction of the tutors)	https://www.uni-weimar.de/qisserver/rds?state=verpublish&status=init&vmfile=no&publishid=50705&moduleCall=webInfo&publishConfFile=webInfo&publishSubDir=veranstaltung	Informationsveranstaltung	missing	missing	Mo.
Baubetrieb, Bauverfahren und Arbeitsschutz	https://www.uni-weimar.de/qisserver/rds?state=verpublish&status=init&vmfile=no&publishid=50809&moduleCall=webInfo&publishConfFile=webInfo&publishSubDir=veranstaltung	Integrierte Vorlesung	5	deutsch	Fr.
Aluminiumbau	https://www.uni-weimar.de/qisserver/rds?state=verpublish&status=init&vmfile=no&publishid=50847&moduleCall=webInfo&publishConfFile=webInfo&publishSubDir=veranstaltung	Integrierte Vorlesung	4	deutsch	Do.
Doktorandenkolloquium Professur Stadtplanung	https://www.uni-weimar.de/qisserver/rds?state=verpublish&status=init&vmfile=no&publishid=50635&moduleCall=webInfo&publishConfFile=webInfo&publishSubDir=veranstaltung	Kolloquium	2	deutsch	Fr.
Baustoffe für den Holz- und Mauerwerksbau - Technische Natursteinkunde	https://www.uni-weimar.de/qisserver/rds?state=verpublish&status=init&vmfile=no&publishid=50790&moduleCall=webInfo&publishConfFile=webInfo&publishSubDir=veranstaltung	Integrierte Vorlesung	2	deutsch	Do.
"Das hat mich schon immer interessiert" - Eine Publikation	https://www.uni-weimar.de/qisserver/rds?state=verpublish&status=init&vmfile=no&publishid=51426&moduleCall=webInfo&publishConfFile=webInfo&publishSubDir=veranstaltung	Projektmodul	18	deutsch/englisch	Mi.
(An-)Ordnungen des Archivs	https://www.uni-weimar.de/qisserver/rds?state=verpublish&status=init&vmfile=no&publishid=51273&moduleCall=webInfo&publishConfFile=webInfo&publishSubDir=veranstaltung	Seminar	2	deutsch	Di.
|5. Kernmodul: Das Synagogen-Projekt || Rekonstruktionen als gebaute Zeichen|	https://www.uni-weimar.de/qisserver/rds?state=verpublish&status=init&vmfile=no&publishid=51609&moduleCall=webInfo&publishConfFile=webInfo&publishSubDir=veranstaltung	Entwurf	8	deutsch/englisch	Di.
Einführung in die medienwissenschaftliche Archivtheorie	https://www.uni-weimar.de/qisserver/rds?state=verpublish&status=init&vmfile=no&publishid=51268&moduleCall=webInfo&publishConfFile=webInfo&publishSubDir=veranstaltung	Seminar	2	deutsch	Fr.
Abfallwirtschaft und biologische Verfahrenstechnik	https://www.uni-weimar.de/qisserver/rds?state=verpublish&status=init&vmfile=no&publishid=50788&moduleCall=webInfo&publishConfFile=webInfo&publishSubDir=veranstaltung	Integrierte Vorlesung	missing	deutsch	Do.
Bodyspace -spacebody	https://www.uni-weimar.de/qisserver/rds?state=verpublish&status=init&vmfile=no&publishid=51604&moduleCall=webInfo&publishConfFile=webInfo&publishSubDir=veranstaltung	Kurs	3	englisch	missing
Einführung in die Stadt- und Regionalplanung	https://www.uni-weimar.de/qisserver/rds?state=verpublish&status=init&vmfile=no&publishid=51379&moduleCall=webInfo&publishConfFile=webInfo&publishSubDir=veranstaltung	Vorlesung	2	deutsch	Mo.
Einführung in die Musikinformatik	https://www.uni-weimar.de/qisserver/rds?state=verpublish&status=init&vmfile=no&publishid=51555&moduleCall=webInfo&publishConfFile=webInfo&publishSubDir=veranstaltung	Fachmodul	4	deutsch	missing
5. Tagung - Nutzungsorientierte Bausanierung	https://www.uni-weimar.de/qisserver/rds?state=verpublish&status=init&vmfile=no&publishid=48759&moduleCall=webInfo&publishConfFile=webInfo&publishSubDir=veranstaltung	Tagung	missing	missing	missing
Begrüßungsparty im Studentenclub (Welcomeparty in the Studentenclub)	https://www.uni-weimar.de/qisserver/rds?state=verpublish&status=init&vmfile=no&publishid=50720&moduleCall=webInfo&publishConfFile=webInfo&publishSubDir=veranstaltung	Feier	missing	missing	Mo.
Einführung in die Filmanalyse	https://www.uni-weimar.de/qisserver/rds?state=verpublish&status=init&vmfile=no&publishid=50976&moduleCall=webInfo&publishConfFile=webInfo&publishSubDir=veranstaltung	Seminar	2	deutsch	Di.
Erweitertes Präsidium	https://www.uni-weimar.de/qisserver/rds?state=verpublish&status=init&vmfile=no&publishid=51541&moduleCall=webInfo&publishConfFile=webInfo&publishSubDir=veranstaltung	Sonstige Veranstaltung	missing	missing	Mi.
Applied mathematics (Lecture)	https://www.uni-weimar.de/qisserver/rds?state=verpublish&status=init&vmfile=no&publishid=50794&moduleCall=webInfo&publishConfFile=webInfo&publishSubDir=veranstaltung	Vorlesung	2	englisch	Di.
Einführung in die kritische Theorie	https://www.uni-weimar.de/qisserver/rds?state=verpublish&status=init&vmfile=no&publishid=51340&moduleCall=webInfo&publishConfFile=webInfo&publishSubDir=veranstaltung	Seminar	2	deutsch	Mo.
1. Planungsprojekt: StadtLand-Suburbia: Einfamilienhausgebiete in Greiz	https://www.uni-weimar.de/qisserver/rds?state=verpublish&status=init&vmfile=no&publishid=51381&moduleCall=webInfo&publishConfFile=webInfo&publishSubDir=veranstaltung	Projekt	8	deutsch	missing
Der Experimentalfilm oder: Experiment im Film (ein praktisch-theoretisches Seminar)	https://www.uni-weimar.de/qisserver/rds?state=verpublish&status=init&vmfile=no&publishid=51324&moduleCall=webInfo&publishConfFile=webInfo&publishSubDir=veranstaltung	Seminar	4	deutsch	Sa.
Begrüßung Erstsemester Bachelor UI	https://www.uni-weimar.de/qisserver/rds?state=verpublish&status=init&vmfile=no&publishid=51453&moduleCall=webInfo&publishConfFile=webInfo&publishSubDir=veranstaltung	Informationsveranstaltung	missing	deutsch	Mo.
|Das Synagogen-Projekt || Rekonstruktionen als gebaute Zeichen|	https://www.uni-weimar.de/qisserver/rds?state=verpublish&status=init&vmfile=no&publishid=51564&moduleCall=webInfo&publishConfFile=webInfo&publishSubDir=veranstaltung	Projektmodul	8	deutsch/englisch	Do.
European Cities	https://www.uni-weimar.de/qisserver/rds?state=verpublish&status=init&vmfile=no&publishid=51447&moduleCall=webInfo&publishConfFile=webInfo&publishSubDir=veranstaltung	Vorlesung	2	englisch	Di.
Bauhaus.Modul: Stadtplanung	https://www.uni-weimar.de/qisserver/rds?state=verpublish&status=init&vmfile=no&publishid=51696&moduleCall=webInfo&publishConfFile=webInfo&publishSubDir=veranstaltung	Seminar	2	missing	Do.
Applied mathematics & Stochastics (Exercise)	https://www.uni-weimar.de/qisserver/rds?state=verpublish&status=init&vmfile=no&publishid=50824&moduleCall=webInfo&publishConfFile=webInfo&publishSubDir=veranstaltung	Seminar	2	englisch	Mo.
Aktuelle Arbeitsfelder des Medienmanagements	https://www.uni-weimar.de/qisserver/rds?state=verpublish&status=init&vmfile=no&publishid=51294&moduleCall=webInfo&publishConfFile=webInfo&publishSubDir=veranstaltung	Vorlesung	2	deutsch	Mi.
Ephemere Architektur	https://www.uni-weimar.de/qisserver/rds?state=verpublish&status=init&vmfile=no&publishid=51605&moduleCall=webInfo&publishConfFile=webInfo&publishSubDir=veranstaltung	Seminar	2	deutsch	Fr.
Durchdringen_ to go through	https://www.uni-weimar.de/qisserver/rds?state=verpublish&status=init&vmfile=no&publishid=51566&moduleCall=webInfo&publishConfFile=webInfo&publishSubDir=veranstaltung	Seminar	2	deutsch	Do.
Bachelorkolloquium Professur Stadtplanung	https://www.uni-weimar.de/qisserver/rds?state=verpublish&status=init&vmfile=no&publishid=50384&moduleCall=webInfo&publishConfFile=webInfo&publishSubDir=veranstaltung	Kolloquium	2	deutsch	Mo.
Diskurse und Praktiken im Medienmanagement	https://www.uni-weimar.de/qisserver/rds?state=verpublish&status=init&vmfile=no&publishid=51348&moduleCall=webInfo&publishConfFile=webInfo&publishSubDir=veranstaltung	Vorlesung	2	deutsch	Di.
Elektrotechnik und Systemtheorie	https://www.uni-weimar.de/qisserver/rds?state=verpublish&status=init&vmfile=no&publishid=51507&moduleCall=webInfo&publishConfFile=webInfo&publishSubDir=veranstaltung	Vorlesung	3	deutsch	Do.
Computergrafik	https://www.uni-weimar.de/qisserver/rds?state=verpublish&status=init&vmfile=no&publishid=50972&moduleCall=webInfo&publishConfFile=webInfo&publishSubDir=veranstaltung	Vorlesung	3	deutsch/englisch	Do.
cycling delight	https://www.uni-weimar.de/qisserver/rds?state=verpublish&status=init&vmfile=no&publishid=51468&moduleCall=webInfo&publishConfFile=webInfo&publishSubDir=veranstaltung	Seminar	2	missing	Fr.
3. Kernmodul: Wohnungsbau	https://www.uni-weimar.de/qisserver/rds?state=verpublish&status=init&vmfile=no&publishid=51449&moduleCall=webInfo&publishConfFile=webInfo&publishSubDir=veranstaltung	Entwurf	8	deutsch/englisch	Di.
Die Entstehung der Fläche – Textilien und Alltagskultur	https://www.uni-weimar.de/qisserver/rds?state=verpublish&status=init&vmfile=no&publishid=51763&moduleCall=webInfo&publishConfFile=webInfo&publishSubDir=veranstaltung	Fachmodul	6	deutsch	Mo.
Bachelor-Kolloquium Gestaltung medialer Umgebungen	https://www.uni-weimar.de/qisserver/rds?state=verpublish&status=init&vmfile=no&publishid=50653&moduleCall=webInfo&publishConfFile=webInfo&publishSubDir=veranstaltung	Kolloquium	2	deutsch/englisch	Mo.
Bachelor-Kolloquium Medienökonomik	https://www.uni-weimar.de/qisserver/rds?state=verpublish&status=init&vmfile=no&publishid=50396&moduleCall=webInfo&publishConfFile=webInfo&publishSubDir=veranstaltung	Kolloquium	1	deutsch	Di.
Brückennachrechnung	https://www.uni-weimar.de/qisserver/rds?state=verpublish&status=init&vmfile=no&publishid=50931&moduleCall=webInfo&publishConfFile=webInfo&publishSubDir=veranstaltung	Integrierte Vorlesung	1	missing	Di.
Baustoffe für den Holz- und Mauerwerksbau - Holzbaustoffe	https://www.uni-weimar.de/qisserver/rds?state=verpublish&status=init&vmfile=no&publishid=50717&moduleCall=webInfo&publishConfFile=webInfo&publishSubDir=veranstaltung	Vorlesung	2	deutsch	Mo.
EinBlick	https://www.uni-weimar.de/qisserver/rds?state=verpublish&status=init&vmfile=no&publishid=50775&moduleCall=webInfo&publishConfFile=webInfo&publishSubDir=veranstaltung	Projektmodul	18	deutsch	missing
Einführung in die Medientheorie	https://www.uni-weimar.de/qisserver/rds?state=verpublish&status=init&vmfile=no&publishid=50672&moduleCall=webInfo&publishConfFile=webInfo&publishSubDir=veranstaltung	Vorlesung	2	deutsch	Mi.
Exkursionen Filmfestivals	https://www.uni-weimar.de/qisserver/rds?state=verpublish&status=init&vmfile=no&publishid=51704&moduleCall=webInfo&publishConfFile=webInfo&publishSubDir=veranstaltung	Exkursion	missing	deutsch/englisch	missing
1. Kernmodul: Darstellen und Gestalten	https://www.uni-weimar.de/qisserver/rds?state=verpublish&status=init&vmfile=no&publishid=50884&moduleCall=webInfo&publishConfFile=webInfo&publishSubDir=veranstaltung	Entwurf	8	deutsch	Di.
Bauphysik	https://www.uni-weimar.de/qisserver/rds?state=verpublish&status=init&vmfile=no&publishid=50910&moduleCall=webInfo&publishConfFile=webInfo&publishSubDir=veranstaltung	Vorlesung	3	deutsch	Do.
Ethnographic methods for spatial studies	https://www.uni-weimar.de/qisserver/rds?state=verpublish&status=init&vmfile=no&publishid=51399&moduleCall=webInfo&publishConfFile=webInfo&publishSubDir=veranstaltung	Seminar	2	englisch	missing
Brandschutz	https://www.uni-weimar.de/qisserver/rds?state=verpublish&status=init&vmfile=no&publishid=50870&moduleCall=webInfo&publishConfFile=webInfo&publishSubDir=veranstaltung	Vorlesung	2	deutsch	Mo.
Deutsch für Geflüchtete (Ma)	https://www.uni-weimar.de/qisserver/rds?state=verpublish&status=init&vmfile=no&publishid=51691&moduleCall=webInfo&publishConfFile=webInfo&publishSubDir=veranstaltung	Seminar	2	deutsch	Fr.
Chinese Culture and Society in the Perspective of Urban Development and Architecture	https://www.uni-weimar.de/qisserver/rds?state=verpublish&status=init&vmfile=no&publishid=50907&moduleCall=webInfo&publishConfFile=webInfo&publishSubDir=veranstaltung	Seminar	2	englisch	Mo.
Einführung in die Bauweisen	https://www.uni-weimar.de/qisserver/rds?state=verpublish&status=init&vmfile=no&publishid=50876&moduleCall=webInfo&publishConfFile=webInfo&publishSubDir=veranstaltung	Integrierte Vorlesung	4	deutsch	Do.
BA/MA-Kolloquium Archiv- und Literaturforschung	https://www.uni-weimar.de/qisserver/rds?state=verpublish&status=init&vmfile=no&publishid=50418&moduleCall=webInfo&publishConfFile=webInfo&publishSubDir=veranstaltung	Kolloquium	1	deutsch	missing
Bachelor-Kolloquium Medienmanagement	https://www.uni-weimar.de/qisserver/rds?state=verpublish&status=init&vmfile=no&publishid=50395&moduleCall=webInfo&publishConfFile=webInfo&publishSubDir=veranstaltung	Kolloquium	1	deutsch	Di.
Die unerhörte Landschaft - Entwicklung von Audiowalks für das Vogtland	https://www.uni-weimar.de/qisserver/rds?state=verpublish&status=init&vmfile=no&publishid=51528&moduleCall=webInfo&publishConfFile=webInfo&publishSubDir=veranstaltung	Fachmodul	4	deutsch	Mi.
commercial break - Werbefilme ohne Ware	https://www.uni-weimar.de/qisserver/rds?state=verpublish&status=init&vmfile=no&publishid=51489&moduleCall=webInfo&publishConfFile=webInfo&publishSubDir=veranstaltung	Projektmodul	18	deutsch	Mi.
Denkmalpflege und Heritage Management	https://www.uni-weimar.de/qisserver/rds?state=verpublish&status=init&vmfile=no&publishid=50874&moduleCall=webInfo&publishConfFile=webInfo&publishSubDir=veranstaltung	Vorlesung	2	deutsch	Di.
Berufungskommission RPRF	https://www.uni-weimar.de/qisserver/rds?state=verpublish&status=init&vmfile=no&publishid=51701&moduleCall=webInfo&publishConfFile=webInfo&publishSubDir=veranstaltung	Sitzung	missing	missing	Mo.
Caravaggio	https://www.uni-weimar.de/qisserver/rds?state=verpublish&status=init&vmfile=no&publishid=51305&moduleCall=webInfo&publishConfFile=webInfo&publishSubDir=veranstaltung	Wissenschaftliches Modul	2	deutsch	Mo.
Elektroakustische Musik I	https://www.uni-weimar.de/qisserver/rds?state=verpublish&status=init&vmfile=no&publishid=51552&moduleCall=webInfo&publishConfFile=webInfo&publishSubDir=veranstaltung	Fachmodul	4	deutsch	Mi.
25 Jahre Zwischenstadt (Ba)	https://www.uni-weimar.de/qisserver/rds?state=verpublish&status=init&vmfile=no&publishid=51715&moduleCall=webInfo&publishConfFile=webInfo&publishSubDir=veranstaltung	Übung	2	deutsch	Mi.
Datenbanken	https://www.uni-weimar.de/qisserver/rds?state=verpublish&status=init&vmfile=no&publishid=50983&moduleCall=webInfo&publishConfFile=webInfo&publishSubDir=veranstaltung	Vorlesung	3	deutsch	Do.
Einführung in das wissenschaftliche Arbeiten	https://www.uni-weimar.de/qisserver/rds?state=verpublish&status=init&vmfile=no&publishid=50813&moduleCall=webInfo&publishConfFile=webInfo&publishSubDir=veranstaltung	Integrierte Vorlesung	1	deutsch	missing
Aktuelle Fragen in der nationalen und internationalen Wettbewerbspolitik	https://www.uni-weimar.de/qisserver/rds?state=verpublish&status=init&vmfile=no&publishid=51164&moduleCall=webInfo&publishConfFile=webInfo&publishSubDir=veranstaltung	Seminar	2	deutsch	Di.
Beratung Internationales Master Architektur	https://www.uni-weimar.de/qisserver/rds?state=verpublish&status=init&vmfile=no&publishid=51777&moduleCall=webInfo&publishConfFile=webInfo&publishSubDir=veranstaltung	Sitzung	missing	missing	missing
Dokumentarische Medien - Dokumentarische Strategien	https://www.uni-weimar.de/qisserver/rds?state=verpublish&status=init&vmfile=no&publishid=51575&moduleCall=webInfo&publishConfFile=webInfo&publishSubDir=veranstaltung	Wissenschaftliches Modul	4	deutsch	Mi.
Design with Data: Introduction to visual programming with TouchDesigner	https://www.uni-weimar.de/qisserver/rds?state=verpublish&status=init&vmfile=no&publishid=51699&moduleCall=webInfo&publishConfFile=webInfo&publishSubDir=veranstaltung	Seminar	4	englisch	Mo.
Allgemeines Bau- und Planungsrecht	https://www.uni-weimar.de/qisserver/rds?state=verpublish&status=init&vmfile=no&publishid=51384&moduleCall=webInfo&publishConfFile=webInfo&publishSubDir=veranstaltung	Vorlesung	4	deutsch	Fr.
Extra Unruhig - Über progressive Dissonanzen	https://www.uni-weimar.de/qisserver/rds?state=verpublish&status=init&vmfile=no&publishid=51529&moduleCall=webInfo&publishConfFile=webInfo&publishSubDir=veranstaltung	Projektmodul	16	deutsch	Di.
3. Planungsprojekt: Industrielandschaften. Identitätsstiftung, Erbe, Transformation	https://www.uni-weimar.de/qisserver/rds?state=verpublish&status=init&vmfile=no&publishid=51535&moduleCall=webInfo&publishConfFile=webInfo&publishSubDir=veranstaltung	Projekt	8	deutsch	Di.
"        EU policies and integrated urban strategies in Europe's urban and regional development - Einzelansicht        "	https://www.uni-weimar.de/qisserver/rds?state=verpublish&status=init&vmfile=no&publishid=50872&moduleCall=webInfo&publishConfFile=webInfo&publishSubDir=veranstaltung	Seminar	2	englisch	Do.
Audiobaukasten I: Einführung in die Radioproduktion	https://www.uni-weimar.de/qisserver/rds?state=verpublish&status=init&vmfile=no&publishid=51521&moduleCall=webInfo&publishConfFile=webInfo&publishSubDir=veranstaltung	Fachmodul	4	deutsch/englisch	Mo.
4D-SPACE: 4D Scene and Performance Analysis in Collaborative virtual Environments	https://www.uni-weimar.de/qisserver/rds?state=verpublish&status=init&vmfile=no&publishid=51470&moduleCall=webInfo&publishConfFile=webInfo&publishSubDir=veranstaltung	Projekt	10	englisch	missing
Einführung in die Institutionenökonomik und Infrastrukturwirtschaft“ (EII)	https://www.uni-weimar.de/qisserver/rds?state=verpublish&status=init&vmfile=no&publishid=51627&moduleCall=webInfo&publishConfFile=webInfo&publishSubDir=veranstaltung	Integrierte Vorlesung	2	deutsch	Fr.
Doku Kino	https://www.uni-weimar.de/qisserver/rds?state=verpublish&status=init&vmfile=no&publishid=51459&moduleCall=webInfo&publishConfFile=webInfo&publishSubDir=veranstaltung	Filmsichtung	2	deutsch/englisch	Mo.
Bachelorprojekt - Technisch-wirtschaftliche Studien	https://www.uni-weimar.de/qisserver/rds?state=verpublish&status=init&vmfile=no&publishid=50754&moduleCall=webInfo&publishConfFile=webInfo&publishSubDir=veranstaltung	Projekt	3	deutsch	Fr.
BA/MA-Kolloquium Philosophie audiovisueller Medien	https://www.uni-weimar.de/qisserver/rds?state=verpublish&status=init&vmfile=no&publishid=50630&moduleCall=webInfo&publishConfFile=webInfo&publishSubDir=veranstaltung	Kolloquium	1	deutsch	missing
Einführung in die Wettbewerbspolitik	https://www.uni-weimar.de/qisserver/rds?state=verpublish&status=init&vmfile=no&publishid=51163&moduleCall=webInfo&publishConfFile=webInfo&publishSubDir=veranstaltung	Vorlesung	2	deutsch	Di.
Einführung in die Geschichte und Theorie der Visuellen Kommunikation (Wissenschaftsmodul)	https://www.uni-weimar.de/qisserver/rds?state=verpublish&status=init&vmfile=no&publishid=50293&moduleCall=webInfo&publishConfFile=webInfo&publishSubDir=veranstaltung	Wissenschaftliches Modul	4	deutsch	Mi.
Begleitkurs zur Vorlesung "Weiterführende Grundlagen der Medienökonomik"	https://www.uni-weimar.de/qisserver/rds?state=verpublish&status=init&vmfile=no&publishid=51166&moduleCall=webInfo&publishConfFile=webInfo&publishSubDir=veranstaltung	Seminar	2	deutsch	Mi.
Energiewirtschaft	https://www.uni-weimar.de/qisserver/rds?state=verpublish&status=init&vmfile=no&publishid=50731&moduleCall=webInfo&publishConfFile=webInfo&publishSubDir=veranstaltung	Integrierte Vorlesung	4	deutsch	Di.
Betondauerhaftigkeit, Sonderbetone	https://www.uni-weimar.de/qisserver/rds?state=verpublish&status=init&vmfile=no&publishid=50545&moduleCall=webInfo&publishConfFile=webInfo&publishSubDir=veranstaltung	Prüfung	missing	deutsch	Do.
Corporate Diversity	https://www.uni-weimar.de/qisserver/rds?state=verpublish&status=init&vmfile=no&publishid=51671&moduleCall=webInfo&publishConfFile=webInfo&publishSubDir=veranstaltung	Projektmodul	18	deutsch/englisch	Di.
Aktuelle Kunstgeschichte/n	https://www.uni-weimar.de/qisserver/rds?state=verpublish&status=init&vmfile=no&publishid=51497&moduleCall=webInfo&publishConfFile=webInfo&publishSubDir=veranstaltung	Wissenschaftliches Modul	2	deutsch	Mo.
Ethnographic methods for spatial studies (Ba)	https://www.uni-weimar.de/qisserver/rds?state=verpublish&status=init&vmfile=no&publishid=51760&moduleCall=webInfo&publishConfFile=webInfo&publishSubDir=veranstaltung	Seminar	2	englisch	missing
Ein Seminar über: Das Seminar von Jacques Lacan, Buch II (1954-1955): Das Ich in der Theorie Freuds und in der Technik der Psychoanalyse	https://www.uni-weimar.de/qisserver/rds?state=verpublish&status=init&vmfile=no&publishid=51285&moduleCall=webInfo&publishConfFile=webInfo&publishSubDir=veranstaltung	Seminar	2	deutsch	Di.
Digitales Marketing	https://www.uni-weimar.de/qisserver/rds?state=verpublish&status=init&vmfile=no&publishid=51662&moduleCall=webInfo&publishConfFile=webInfo&publishSubDir=veranstaltung	Seminar	2	deutsch	Di.
Arabisch 3 (A 2.1)	https://www.uni-weimar.de/qisserver/rds?state=verpublish&status=init&vmfile=no&publishid=50472&moduleCall=webInfo&publishConfFile=webInfo&publishSubDir=veranstaltung	Kurs	3	missing	missing
Bauweisen des Konstruktiven Ingenieurbaus I -  Konstruktionen des Holz- und Mauerwerksbaus (Nachhaltiges Bauen)	https://www.uni-weimar.de/qisserver/rds?state=verpublish&status=init&vmfile=no&publishid=50875&moduleCall=webInfo&publishConfFile=webInfo&publishSubDir=veranstaltung	Übung	2	missing	Di.
Baustoffprüfung	https://www.uni-weimar.de/qisserver/rds?state=verpublish&status=init&vmfile=no&publishid=51481&moduleCall=webInfo&publishConfFile=webInfo&publishSubDir=veranstaltung	Sonstige Veranstaltung	missing	missing	Mo.
Campus 4 Seasons  - Freiraum Pavillon	https://www.uni-weimar.de/qisserver/rds?state=verpublish&status=init&vmfile=no&publishid=51606&moduleCall=webInfo&publishConfFile=webInfo&publishSubDir=veranstaltung	Seminar	4	deutsch	Fr.
5. Kernmodul: KlimaLAND Werther	https://www.uni-weimar.de/qisserver/rds?state=verpublish&status=init&vmfile=no&publishid=51463&moduleCall=webInfo&publishConfFile=webInfo&publishSubDir=veranstaltung	Entwurf	8	deutsch	Do.
Exkursion München-Venedig	https://www.uni-weimar.de/qisserver/rds?state=verpublish&status=init&vmfile=no&publishid=51569&moduleCall=webInfo&publishConfFile=webInfo&publishSubDir=veranstaltung	Blockveranstaltung	2	deutsch/englisch	missing
Die Hölle. Ein Entwurf für den Anderen Ort.	https://www.uni-weimar.de/qisserver/rds?state=verpublish&status=init&vmfile=no&publishid=51347&moduleCall=webInfo&publishConfFile=webInfo&publishSubDir=veranstaltung	Projektmodul	8	deutsch/englisch	Mi.
Contemporary Theories of the Urban: From Planetary Urbanization to Southern Urbanism	https://www.uni-weimar.de/qisserver/rds?state=verpublish&status=init&vmfile=no&publishid=51387&moduleCall=webInfo&publishConfFile=webInfo&publishSubDir=veranstaltung	Seminar	2	englisch	Di.
Baudynamik	https://www.uni-weimar.de/qisserver/rds?state=verpublish&status=init&vmfile=no&publishid=50685&moduleCall=webInfo&publishConfFile=webInfo&publishSubDir=veranstaltung	Integrierte Vorlesung	4	missing	Do.
Bachelor-Kolloquium Marketing und Medien	https://www.uni-weimar.de/qisserver/rds?state=verpublish&status=init&vmfile=no&publishid=50380&moduleCall=webInfo&publishConfFile=webInfo&publishSubDir=veranstaltung	Kolloquium	1	deutsch	Di.
Animation basics II	https://www.uni-weimar.de/qisserver/rds?state=verpublish&status=init&vmfile=no&publishid=51793&moduleCall=webInfo&publishConfFile=webInfo&publishSubDir=veranstaltung	Fachmodul	4	deutsch/englisch	missing
Einführungskurs	https://www.uni-weimar.de/qisserver/rds?state=verpublish&status=init&vmfile=no&publishid=50771&moduleCall=webInfo&publishConfFile=webInfo&publishSubDir=veranstaltung	Blockveranstaltung	2	deutsch	missing
Empirische Marktforschung	https://www.uni-weimar.de/qisserver/rds?state=verpublish&status=init&vmfile=no&publishid=51368&moduleCall=webInfo&publishConfFile=webInfo&publishSubDir=veranstaltung	Vorlesung	2	deutsch	Do.
Dienstberatung	https://www.uni-weimar.de/qisserver/rds?state=verpublish&status=init&vmfile=no&publishid=51656&moduleCall=webInfo&publishConfFile=webInfo&publishSubDir=veranstaltung	Ausstellung	missing	deutsch	Fr.
Allgemeines Bau- und Planungsrecht	https://www.uni-weimar.de/qisserver/rds?state=verpublish&status=init&vmfile=no&publishid=51737&moduleCall=webInfo&publishConfFile=webInfo&publishSubDir=veranstaltung	Vorlesung	4	deutsch	Fr.
Applied Finite element methods  (Lecture)	https://www.uni-weimar.de/qisserver/rds?state=verpublish&status=init&vmfile=no&publishid=50881&moduleCall=webInfo&publishConfFile=webInfo&publishSubDir=veranstaltung	Vorlesung	2	englisch	Do.
Einführung in die Stadt- und Regionalplanung	https://www.uni-weimar.de/qisserver/rds?state=verpublish&status=init&vmfile=no&publishid=51739&moduleCall=webInfo&publishConfFile=webInfo&publishSubDir=veranstaltung	Vorlesung	2	deutsch	Mo.
Die unerhörte Landschaft - Entwicklung von Audiowalks für das Vogtland	https://www.uni-weimar.de/qisserver/rds?state=verpublish&status=init&vmfile=no&publishid=51472&moduleCall=webInfo&publishConfFile=webInfo&publishSubDir=veranstaltung	Seminar	4	deutsch	Mi.
Ein neuer Ort für Musik und Oper (Studio Mecklenburg-Vorpommern)	https://www.uni-weimar.de/qisserver/rds?state=verpublish&status=init&vmfile=no&publishid=51351&moduleCall=webInfo&publishConfFile=webInfo&publishSubDir=veranstaltung	Projektmodul	8	deutsch/englisch	Do.
25 Jahre Zwischenstadt	https://www.uni-weimar.de/qisserver/rds?state=verpublish&status=init&vmfile=no&publishid=50655&moduleCall=webInfo&publishConfFile=webInfo&publishSubDir=veranstaltung	Seminar	4	deutsch	Mi.
Bauphysikalisches Kolloquium	https://www.uni-weimar.de/qisserver/rds?state=verpublish&status=init&vmfile=no&publishid=50382&moduleCall=webInfo&publishConfFile=webInfo&publishSubDir=veranstaltung	Kolloquium	2	deutsch	Di.
Einführung in die Immobilienwirtschaft	https://www.uni-weimar.de/qisserver/rds?state=verpublish&status=init&vmfile=no&publishid=51666&moduleCall=webInfo&publishConfFile=webInfo&publishSubDir=veranstaltung	Integrierte Vorlesung	2	deutsch	Do.
Baustoffe für den Holz- und Mauerwerksbau - Technische Natursteinkunde	https://www.uni-weimar.de/qisserver/rds?state=verpublish&status=init&vmfile=no&publishid=50947&moduleCall=webInfo&publishConfFile=webInfo&publishSubDir=veranstaltung	Integrierte Vorlesung	2	deutsch	Do.
Begleitkurs zur Vorlesung "Einführung in die Wettbewerbspolitik"	https://www.uni-weimar.de/qisserver/rds?state=verpublish&status=init&vmfile=no&publishid=51162&moduleCall=webInfo&publishConfFile=webInfo&publishSubDir=veranstaltung	Seminar	2	deutsch	Do.
Digitaler Faschismus	https://www.uni-weimar.de/qisserver/rds?state=verpublish&status=init&vmfile=no&publishid=51316&moduleCall=webInfo&publishConfFile=webInfo&publishSubDir=veranstaltung	Seminar	2	deutsch	Di.
Experimentelle Geotechnik/ Gründungsschäden und Sanierung	https://www.uni-weimar.de/qisserver/rds?state=verpublish&status=init&vmfile=no&publishid=50885&moduleCall=webInfo&publishConfFile=webInfo&publishSubDir=veranstaltung	Integrierte Vorlesung	4	deutsch	Mo.
Archiverfahrungen: sammeln	https://www.uni-weimar.de/qisserver/rds?state=verpublish&status=init&vmfile=no&publishid=51267&moduleCall=webInfo&publishConfFile=webInfo&publishSubDir=veranstaltung	Plenum	4	deutsch	Do.
Anaerobtechnik	https://www.uni-weimar.de/qisserver/rds?state=verpublish&status=init&vmfile=no&publishid=50736&moduleCall=webInfo&publishConfFile=webInfo&publishSubDir=veranstaltung	Integrierte Vorlesung	4	deutsch	Di.
Examens-/ Promotionskolloquium (deutsch)	https://www.uni-weimar.de/qisserver/rds?state=verpublish&status=init&vmfile=no&publishid=51371&moduleCall=webInfo&publishConfFile=webInfo&publishSubDir=veranstaltung	Wissenschaftliches Modul	2	deutsch	Fr.
Bachelor-Kolloquium Experimentelles Radio	https://www.uni-weimar.de/qisserver/rds?state=verpublish&status=init&vmfile=no&publishid=51522&moduleCall=webInfo&publishConfFile=webInfo&publishSubDir=veranstaltung	Kolloquium	2	deutsch/englisch	Di.
BA/MA-Kolloquium Europäische Medienkultur	https://www.uni-weimar.de/qisserver/rds?state=verpublish&status=init&vmfile=no&publishid=50434&moduleCall=webInfo&publishConfFile=webInfo&publishSubDir=veranstaltung	Kolloquium	1	deutsch/französisch	missing
Computational Methods for User-Centered Architectural Design	https://www.uni-weimar.de/qisserver/rds?state=verpublish&status=init&vmfile=no&publishid=51681&moduleCall=webInfo&publishConfFile=webInfo&publishSubDir=veranstaltung	Seminar	2	englisch	Di.
Bachelor-Kolloquium Organisation und vernetzte Medien	https://www.uni-weimar.de/qisserver/rds?state=verpublish&status=init&vmfile=no&publishid=50397&moduleCall=webInfo&publishConfFile=webInfo&publishSubDir=veranstaltung	Kolloquium	1	deutsch	Di.
Das Wesen der Stadt - Architektur und Schule	https://www.uni-weimar.de/qisserver/rds?state=verpublish&status=init&vmfile=no&publishid=51344&moduleCall=webInfo&publishConfFile=webInfo&publishSubDir=veranstaltung	Seminar	4	deutsch/englisch	Fr.
Begleitkurs BWL: Einführung in das Medienmanagement	https://www.uni-weimar.de/qisserver/rds?state=verpublish&status=init&vmfile=no&publishid=51375&moduleCall=webInfo&publishConfFile=webInfo&publishSubDir=veranstaltung	Seminar	2	deutsch	Di.
Bauweisen des Konstruktiven Ingenieurbaus I - Stahlbeton- und Spannbetonbau I	https://www.uni-weimar.de/qisserver/rds?state=verpublish&status=init&vmfile=no&publishid=50843&moduleCall=webInfo&publishConfFile=webInfo&publishSubDir=veranstaltung	Vorlesung	2	deutsch	Mo.
BA/MA-Kolloquium Theorie medialer Welten	https://www.uni-weimar.de/qisserver/rds?state=verpublish&status=init&vmfile=no&publishid=50393&moduleCall=webInfo&publishConfFile=webInfo&publishSubDir=veranstaltung	Kolloquium	1	deutsch	missing
Bachelorthesis WiSe 2020/21	https://www.uni-weimar.de/qisserver/rds?state=verpublish&status=init&vmfile=no&publishid=51587&moduleCall=webInfo&publishConfFile=webInfo&publishSubDir=veranstaltung	Entwurf	missing	deutsch/englisch	missing
Einführung in die Wissenschaftsgeschichte	https://www.uni-weimar.de/qisserver/rds?state=verpublish&status=init&vmfile=no&publishid=51332&moduleCall=webInfo&publishConfFile=webInfo&publishSubDir=veranstaltung	Seminar	2	deutsch	Fr.
Bauschäden, Schadensanalytik, Holzschutz	https://www.uni-weimar.de/qisserver/rds?state=verpublish&status=init&vmfile=no&publishid=50841&moduleCall=webInfo&publishConfFile=webInfo&publishSubDir=veranstaltung	Integrierte Vorlesung	4	deutsch	Fr.
Bauplanungs- /Bauordnungsrecht	https://www.uni-weimar.de/qisserver/rds?state=verpublish&status=init&vmfile=no&publishid=50669&moduleCall=webInfo&publishConfFile=webInfo&publishSubDir=veranstaltung	Vorlesung	2	deutsch	Mi.
Counter memory - Erinnerungspraktiken im Weimarer Stadtraum	https://www.uni-weimar.de/qisserver/rds?state=verpublish&status=init&vmfile=no&publishid=51317&moduleCall=webInfo&publishConfFile=webInfo&publishSubDir=veranstaltung	Seminar	2	deutsch/englisch	Di.
Eine Einstellung zur Arbeit	https://www.uni-weimar.de/qisserver/rds?state=verpublish&status=init&vmfile=no&publishid=51325&moduleCall=webInfo&publishConfFile=webInfo&publishSubDir=veranstaltung	Seminar	4	deutsch	Sa.
Begegnungen_ encounter with oneself	https://www.uni-weimar.de/qisserver/rds?state=verpublish&status=init&vmfile=no&publishid=51572&moduleCall=webInfo&publishConfFile=webInfo&publishSubDir=veranstaltung	Workshop	2	deutsch/englisch	Do.
EASY CYCLER ... born to ride wild	https://www.uni-weimar.de/qisserver/rds?state=verpublish&status=init&vmfile=no&publishid=51469&moduleCall=webInfo&publishConfFile=webInfo&publishSubDir=veranstaltung	Projektmodul	8	missing	Do.
BA/MA-Kolloquium Mediensoziologie	https://www.uni-weimar.de/qisserver/rds?state=verpublish&status=init&vmfile=no&publishid=50590&moduleCall=webInfo&publishConfFile=webInfo&publishSubDir=veranstaltung	Kolloquium	2	deutsch	Fr.
Basismodul Medienwissenschaft	https://www.uni-weimar.de/qisserver/rds?state=verpublish&status=init&vmfile=no&publishid=51195&moduleCall=webInfo&publishConfFile=webInfo&publishSubDir=veranstaltung	Seminar	4	deutsch	Di.
Einführungsveranstaltung im Studiengang Bauingenieurwesen	https://www.uni-weimar.de/qisserver/rds?state=verpublish&status=init&vmfile=no&publishid=51602&moduleCall=webInfo&publishConfFile=webInfo&publishSubDir=veranstaltung	Sonstige Veranstaltung	missing	missing	Mo.
Bauhaus-Gespräche / Einführungskurs Master Architektur	https://www.uni-weimar.de/qisserver/rds?state=verpublish&status=init&vmfile=no&publishid=50836&moduleCall=webInfo&publishConfFile=webInfo&publishSubDir=veranstaltung	Seminar	2	deutsch/englisch	Mi.
Bauleitung im Bestand	https://www.uni-weimar.de/qisserver/rds?state=verpublish&status=init&vmfile=no&publishid=50950&moduleCall=webInfo&publishConfFile=webInfo&publishSubDir=veranstaltung	Integrierte Vorlesung	2	deutsch	Mi.
5. Planungsprojekt: Wie systemrelevant ist Beteiligungskultur? Teilhabe und Resilienz in der Post-Corona-Stadt (Bachelor)	https://www.uni-weimar.de/qisserver/rds?state=verpublish&status=init&vmfile=no&publishid=51243&moduleCall=webInfo&publishConfFile=webInfo&publishSubDir=veranstaltung	Projekt	8	deutsch	Di.
5. Kernmodul: Ein neuer Ort für Musik und Oper (Studio Mecklenburg-Vorpommern) II (Ba)	https://www.uni-weimar.de/qisserver/rds?state=verpublish&status=init&vmfile=no&publishid=51352&moduleCall=webInfo&publishConfFile=webInfo&publishSubDir=veranstaltung	Entwurf	8	deutsch/englisch	Di.
Baustoffe für den Holz- und Mauerwerksbau - Holzbaustoffe	https://www.uni-weimar.de/qisserver/rds?state=verpublish&status=init&vmfile=no&publishid=50895&moduleCall=webInfo&publishConfFile=webInfo&publishSubDir=veranstaltung	Vorlesung	2	deutsch	Mo.
Bauphysikalisches Kolloquium (Ba)	https://www.uni-weimar.de/qisserver/rds?state=verpublish&status=init&vmfile=no&publishid=49797&moduleCall=webInfo&publishConfFile=webInfo&publishSubDir=veranstaltung	Übung	2	deutsch	Di.
7. Planungsprojekt: Wachstum.Rückzug.Erneuerung - Stadterneuerung in der Hafenstadt Genua (Italien) im Lichte der Nachhaligkeitsdebatte	https://www.uni-weimar.de/qisserver/rds?state=verpublish&status=init&vmfile=no&publishid=50998&moduleCall=webInfo&publishConfFile=webInfo&publishSubDir=veranstaltung	Projekt	8	deutsch	Do.
Deutsch als Fremdsprache B 1.1	https://www.uni-weimar.de/qisserver/rds?state=verpublish&status=init&vmfile=no&publishid=50124&moduleCall=webInfo&publishConfFile=webInfo&publishSubDir=veranstaltung	Kurs	3	deutsch	Mo.
Bachelor-Kolloquium Medien-Ereignisse	https://www.uni-weimar.de/qisserver/rds?state=verpublish&status=init&vmfile=no&publishid=50452&moduleCall=webInfo&publishConfFile=webInfo&publishSubDir=veranstaltung	Kolloquium	2	deutsch	missing
5. Planungsprojekt: KlimaLAND Werther	https://www.uni-weimar.de/qisserver/rds?state=verpublish&status=init&vmfile=no&publishid=51464&moduleCall=webInfo&publishConfFile=webInfo&publishSubDir=veranstaltung	Projekt	8	deutsch	Do.
English-language tours of the University Library	https://www.uni-weimar.de/qisserver/rds?state=verpublish&status=init&vmfile=no&publishid=50729&moduleCall=webInfo&publishConfFile=webInfo&publishSubDir=veranstaltung	Informationsveranstaltung	missing	englisch	Mo.
AUFHÖREN? ANFANGEN! Die 1000 Tode der Malerei	https://www.uni-weimar.de/qisserver/rds?state=verpublish&status=init&vmfile=no&publishid=51796&moduleCall=webInfo&publishConfFile=webInfo&publishSubDir=veranstaltung	Fachmodul	6	deutsch/englisch	Mo.
BA/MA-Kolloquium Bildtheorie	https://www.uni-weimar.de/qisserver/rds?state=verpublish&status=init&vmfile=no&publishid=50373&moduleCall=webInfo&publishConfFile=webInfo&publishSubDir=veranstaltung	Kolloquium	missing	missing	missing
Einführungsveranstaltung EUS/ Urbanistik	https://www.uni-weimar.de/qisserver/rds?state=verpublish&status=init&vmfile=no&publishid=51789&moduleCall=webInfo&publishConfFile=webInfo&publishSubDir=veranstaltung	Informationsveranstaltung	missing	missing	Do.
Bauweisen des Konstruktiven Ingenieurbaus I - Stahl- und Verbundbau I	https://www.uni-weimar.de/qisserver/rds?state=verpublish&status=init&vmfile=no&publishid=50738&moduleCall=webInfo&publishConfFile=webInfo&publishSubDir=veranstaltung	Übung	2	deutsch	Di.
3. Planungsprojekt: Rassismus in Weimar	https://www.uni-weimar.de/qisserver/rds?state=verpublish&status=init&vmfile=no&publishid=51263&moduleCall=webInfo&publishConfFile=webInfo&publishSubDir=veranstaltung	Projekt	8	deutsch	Di.
Baustoffe für den Holz- und Mauerwerksbau - Wandbaustoffe	https://www.uni-weimar.de/qisserver/rds?state=verpublish&status=init&vmfile=no&publishid=50715&moduleCall=webInfo&publishConfFile=webInfo&publishSubDir=veranstaltung	Vorlesung	2	deutsch	Fr.
Einführung in die Volkswirtschaftslehre	https://www.uni-weimar.de/qisserver/rds?state=verpublish&status=init&vmfile=no&publishid=51161&moduleCall=webInfo&publishConfFile=webInfo&publishSubDir=veranstaltung	Vorlesung	2	deutsch	Fr.
Baukonstruktion-Grundlagen (Vorlesung) - WiSe	https://www.uni-weimar.de/qisserver/rds?state=verpublish&status=init&vmfile=no&publishid=50262&moduleCall=webInfo&publishConfFile=webInfo&publishSubDir=veranstaltung	Vorlesung	2	deutsch	Mi.
Aufbereitungs- und Recyclingpraktikum	https://www.uni-weimar.de/qisserver/rds?state=verpublish&status=init&vmfile=no&publishid=50768&moduleCall=webInfo&publishConfFile=webInfo&publishSubDir=veranstaltung	Praktikum	missing	deutsch	Fr.
Disputationstraining	https://www.uni-weimar.de/qisserver/rds?state=verpublish&status=init&vmfile=no&publishid=50865&moduleCall=webInfo&publishConfFile=webInfo&publishSubDir=veranstaltung	Workshop	missing	deutsch	missing
BA/MA-Kolloquium Medienphilosophie: Der Schwarze Freitag	https://www.uni-weimar.de/qisserver/rds?state=verpublish&status=init&vmfile=no&publishid=50576&moduleCall=webInfo&publishConfFile=webInfo&publishSubDir=veranstaltung	Kolloquium	1	deutsch	missing
Bauweisen des Konstruktiven Ingenieurbaus I - Stahl- und Verbundbau I	https://www.uni-weimar.de/qisserver/rds?state=verpublish&status=init&vmfile=no&publishid=50844&moduleCall=webInfo&publishConfFile=webInfo&publishSubDir=veranstaltung	Vorlesung	2	deutsch	Mo.
3. Kernmodul: Am Fluss - Eine Unterkunft für nichtmotorisierte Reisende	https://www.uni-weimar.de/qisserver/rds?state=verpublish&status=init&vmfile=no&publishid=51450&moduleCall=webInfo&publishConfFile=webInfo&publishSubDir=veranstaltung	Entwurf	8	deutsch	Di.
5. Kernmodul: Freies Projekt / Freier Entwurf Denkmalpflege (Ba)	https://www.uni-weimar.de/qisserver/rds?state=verpublish&status=init&vmfile=no&publishid=50381&moduleCall=webInfo&publishConfFile=webInfo&publishSubDir=veranstaltung	Entwurf	8	deutsch	Do.
Die Entstehung der Linie – Grundlegene Berührung mit Textilien	https://www.uni-weimar.de/qisserver/rds?state=verpublish&status=init&vmfile=no&publishid=51761&moduleCall=webInfo&publishConfFile=webInfo&publishSubDir=veranstaltung	Fachmodul	6	deutsch/englisch	missing
Diskrete Strukturen	https://www.uni-weimar.de/qisserver/rds?state=verpublish&status=init&vmfile=no&publishid=50977&moduleCall=webInfo&publishConfFile=webInfo&publishSubDir=veranstaltung	Vorlesung	4	deutsch	Di.
Einführung in die Stadtsoziologie	https://www.uni-weimar.de/qisserver/rds?state=verpublish&status=init&vmfile=no&publishid=51262&moduleCall=webInfo&publishConfFile=webInfo&publishSubDir=veranstaltung	Vorlesung	2	deutsch	Di.
Berufungsvorträge und Lehrprobe "Bauentwurfslehre"	https://www.uni-weimar.de/qisserver/rds?state=verpublish&status=init&vmfile=no&publishid=51101&moduleCall=webInfo&publishConfFile=webInfo&publishSubDir=veranstaltung	Vortrag	missing	missing	missing
5. Kernmodul: LivedSpaces_ LebensRäume	https://www.uni-weimar.de/qisserver/rds?state=verpublish&status=init&vmfile=no&publishid=51563&moduleCall=webInfo&publishConfFile=webInfo&publishSubDir=veranstaltung	Entwurf	8	deutsch/englisch	Do.
BA/MA-Kolloquium Geschichte und Theorie der Kulturtechniken	https://www.uni-weimar.de/qisserver/rds?state=verpublish&status=init&vmfile=no&publishid=50575&moduleCall=webInfo&publishConfFile=webInfo&publishSubDir=veranstaltung	Kolloquium	1	deutsch	missing
Designing Effective Academic Posters	https://www.uni-weimar.de/qisserver/rds?state=verpublish&status=init&vmfile=no&publishid=50899&moduleCall=webInfo&publishConfFile=webInfo&publishSubDir=veranstaltung	Workshop	missing	englisch	Do.
Baustoffprüfung	https://www.uni-weimar.de/qisserver/rds?state=verpublish&status=init&vmfile=no&publishid=50948&moduleCall=webInfo&publishConfFile=webInfo&publishSubDir=veranstaltung	Übung	4	deutsch	Mo.
Assessment of structural performance (under extreme loading conditions)	https://www.uni-weimar.de/qisserver/rds?state=verpublish&status=init&vmfile=no&publishid=50741&moduleCall=webInfo&publishConfFile=webInfo&publishSubDir=veranstaltung	Vorlesung	6	englisch	Di.
|Bibliotheken || Orte des Wissens || Neue Staats-und Universitätsbibliothek Hamburg|	https://www.uni-weimar.de/qisserver/rds?state=verpublish&status=init&vmfile=no&publishid=51327&moduleCall=webInfo&publishConfFile=webInfo&publishSubDir=veranstaltung	Projektmodul	8	deutsch/englisch	Do.
Experimentelle Druckgrafik	https://www.uni-weimar.de/qisserver/rds?state=verpublish&status=init&vmfile=no&publishid=51376&moduleCall=webInfo&publishConfFile=webInfo&publishSubDir=veranstaltung	Fachmodul	4	deutsch	missing
Baustoffe für den Holz- und Mauerwerksbau - Wandbaustoffe	https://www.uni-weimar.de/qisserver/rds?state=verpublish&status=init&vmfile=no&publishid=50896&moduleCall=webInfo&publishConfFile=webInfo&publishSubDir=veranstaltung	Vorlesung	2	deutsch	Fr.
Architektur wahrnehmen - Part 1	https://www.uni-weimar.de/qisserver/rds?state=verpublish&status=init&vmfile=no&publishid=51338&moduleCall=webInfo&publishConfFile=webInfo&publishSubDir=veranstaltung	Übung	2	deutsch	Mo.
Architektur wahrnehmen - Part 2	https://www.uni-weimar.de/qisserver/rds?state=verpublish&status=init&vmfile=no&publishid=51337&moduleCall=webInfo&publishConfFile=webInfo&publishSubDir=veranstaltung	Übung	2	deutsch	Fr.
Erzählen mit der Kamera - Auflösung, Perspektive und Bewegung	https://www.uni-weimar.de/qisserver/rds?state=verpublish&status=init&vmfile=no&publishid=51687&moduleCall=webInfo&publishConfFile=webInfo&publishSubDir=veranstaltung	Werk-/Fachmodul	4	deutsch/englisch	Mi.
Data Physicalization of Hidden Data	https://www.uni-weimar.de/qisserver/rds?state=verpublish&status=init&vmfile=no&publishid=51490&moduleCall=webInfo&publishConfFile=webInfo&publishSubDir=veranstaltung	Seminar	4	englisch	Mo.
|5. Kernmodul: Bibliotheken || Orte des Wissens || Archiv Friedenstein Gotha|	https://www.uni-weimar.de/qisserver/rds?state=verpublish&status=init&vmfile=no&publishid=51328&moduleCall=webInfo&publishConfFile=webInfo&publishSubDir=veranstaltung	Entwurf	8	deutsch/englisch	Di.
Beratung outgoing A&U	https://www.uni-weimar.de/qisserver/rds?state=verpublish&status=init&vmfile=no&publishid=51289&moduleCall=webInfo&publishConfFile=webInfo&publishSubDir=veranstaltung	Sonstige Veranstaltung	missing	missing	missing
Architektur- und Baugeschichte, Teil 1: Von den Anfängen bis zur Baukunst des Mittelalters	https://www.uni-weimar.de/qisserver/rds?state=verpublish&status=init&vmfile=no&publishid=51712&moduleCall=webInfo&publishConfFile=webInfo&publishSubDir=veranstaltung	Vorlesung	2	deutsch	Mo.
Deutsch für Geflüchtete (Ba)	https://www.uni-weimar.de/qisserver/rds?state=verpublish&status=init&vmfile=no&publishid=51692&moduleCall=webInfo&publishConfFile=webInfo&publishSubDir=veranstaltung	Seminar	2	deutsch	Mo.
1. Planungsprojekt: Thüringen, das grüne Herz Deutschlands	https://www.uni-weimar.de/qisserver/rds?state=verpublish&status=init&vmfile=no&publishid=50993&moduleCall=webInfo&publishConfFile=webInfo&publishSubDir=veranstaltung	Projekt	8	deutsch	Di.
3. Kernmodul: Klar zur Wende	https://www.uni-weimar.de/qisserver/rds?state=verpublish&status=init&vmfile=no&publishid=50753&moduleCall=webInfo&publishConfFile=webInfo&publishSubDir=veranstaltung	Entwurf	8	deutsch	Di.
Bauphysikalische Gebäudeplanung I	https://www.uni-weimar.de/qisserver/rds?state=verpublish&status=init&vmfile=no&publishid=50670&moduleCall=webInfo&publishConfFile=webInfo&publishSubDir=veranstaltung	Integrierte Vorlesung	4	deutsch	Do.
Die Vitalisierung des Objekts	https://www.uni-weimar.de/qisserver/rds?state=verpublish&status=init&vmfile=no&publishid=51762&moduleCall=webInfo&publishConfFile=webInfo&publishSubDir=veranstaltung	Fachmodul	6	deutsch/englisch	Fr.
Applied Structural Dynamics (Lecture)	https://www.uni-weimar.de/qisserver/rds?state=verpublish&status=init&vmfile=no&publishid=50861&moduleCall=webInfo&publishConfFile=webInfo&publishSubDir=veranstaltung	Vorlesung	2	englisch	Mi.
5. Planungsprojekt: XXX QUADRATMETER ILLIBERALE STADT	https://www.uni-weimar.de/qisserver/rds?state=verpublish&status=init&vmfile=no&publishid=51419&moduleCall=webInfo&publishConfFile=webInfo&publishSubDir=veranstaltung	Projekt	8	missing	missing
Cross-cultural management	https://www.uni-weimar.de/qisserver/rds?state=verpublish&status=init&vmfile=no&publishid=51366&moduleCall=webInfo&publishConfFile=webInfo&publishSubDir=veranstaltung	Seminar	2	englisch	missing
AG Gleichstellung Fak M	https://www.uni-weimar.de/qisserver/rds?state=verpublish&status=init&vmfile=no&publishid=51776&moduleCall=webInfo&publishConfFile=webInfo&publishSubDir=veranstaltung	Sonstige Veranstaltung	missing	missing	Mo.
Chemie - Chemie für Ingenieure	https://www.uni-weimar.de/qisserver/rds?state=verpublish&status=init&vmfile=no&publishid=50954&moduleCall=webInfo&publishConfFile=webInfo&publishSubDir=veranstaltung	Integrierte Vorlesung	2	deutsch	Do.
"        Computer's Cut - Generative Video Editing - Einzelansicht        "	https://www.uni-weimar.de/qisserver/rds?state=verpublish&status=init&vmfile=no&publishid=51510&moduleCall=webInfo&publishConfFile=webInfo&publishSubDir=veranstaltung	Fachmodul	4	englisch	Mo.
Bauhaus.Modul: Stadtplanung (Ba)	https://www.uni-weimar.de/qisserver/rds?state=verpublish&status=init&vmfile=no&publishid=51738&moduleCall=webInfo&publishConfFile=webInfo&publishSubDir=veranstaltung	Seminar	2	missing	Do.
Baurecht	https://www.uni-weimar.de/qisserver/rds?state=verpublish&status=init&vmfile=no&publishid=50278&moduleCall=webInfo&publishConfFile=webInfo&publishSubDir=veranstaltung	Vorlesung	1.5	deutsch	Do.
Boundaries of Artistic Research	https://www.uni-weimar.de/qisserver/rds?state=verpublish&status=init&vmfile=no&publishid=51548&moduleCall=webInfo&publishConfFile=webInfo&publishSubDir=veranstaltung	Kolloquium	missing	deutsch/englisch	missing
Baustoffkunde - Baustoffkenngrößen	https://www.uni-weimar.de/qisserver/rds?state=verpublish&status=init&vmfile=no&publishid=50921&moduleCall=webInfo&publishConfFile=webInfo&publishSubDir=veranstaltung	Vorlesung	2	deutsch	Do.
Academic Skills	https://www.uni-weimar.de/qisserver/rds?state=verpublish&status=init&vmfile=no&publishid=50871&moduleCall=webInfo&publishConfFile=webInfo&publishSubDir=veranstaltung	Übung	2	englisch	Di.
Einführung in die Betriebswirtschaftslehre	https://www.uni-weimar.de/qisserver/rds?state=verpublish&status=init&vmfile=no&publishid=50845&moduleCall=webInfo&publishConfFile=webInfo&publishSubDir=veranstaltung	Integrierte Vorlesung	2	deutsch	Mi.
Bauweisen des Konstruktiven Ingenieurbaus I - Stahlbeton- und Spannbetonbau I	https://www.uni-weimar.de/qisserver/rds?state=verpublish&status=init&vmfile=no&publishid=50832&moduleCall=webInfo&publishConfFile=webInfo&publishSubDir=veranstaltung	Übung	2	missing	Di.
Bibliotheken: A bis Z	https://www.uni-weimar.de/qisserver/rds?state=verpublish&status=init&vmfile=no&publishid=51329&moduleCall=webInfo&publishConfFile=webInfo&publishSubDir=veranstaltung	Seminar	4	deutsch/englisch	Mi.
Audit Re-Akkreditierung Urbanistik	https://www.uni-weimar.de/qisserver/rds?state=verpublish&status=init&vmfile=no&publishid=51100&moduleCall=webInfo&publishConfFile=webInfo&publishSubDir=veranstaltung	Prüfung	missing	missing	missing
Determinanten der räumlichen Entwicklung. Eine problemorientierte Einführung	https://www.uni-weimar.de/qisserver/rds?state=verpublish&status=init&vmfile=no&publishid=50997&moduleCall=webInfo&publishConfFile=webInfo&publishSubDir=veranstaltung	Vorlesung	2	deutsch	Do.
Bringing Structure to Social Media Discussions	https://www.uni-weimar.de/qisserver/rds?state=verpublish&status=init&vmfile=no&publishid=51506&moduleCall=webInfo&publishConfFile=webInfo&publishSubDir=veranstaltung	Projekt	10	englisch	missing
Darstellen und Gestalten	https://www.uni-weimar.de/qisserver/rds?state=verpublish&status=init&vmfile=no&publishid=50911&moduleCall=webInfo&publishConfFile=webInfo&publishSubDir=veranstaltung	Seminar	4	deutsch	Fr.
Angewandte Kristallographie	https://www.uni-weimar.de/qisserver/rds?state=verpublish&status=init&vmfile=no&publishid=50546&moduleCall=webInfo&publishConfFile=webInfo&publishSubDir=veranstaltung	Prüfung	missing	deutsch	Mi.
Die unerhörte Landschaft - Audiowalks für das Vogtland	https://www.uni-weimar.de/qisserver/rds?state=verpublish&status=init&vmfile=no&publishid=51729&moduleCall=webInfo&publishConfFile=webInfo&publishSubDir=veranstaltung	Seminar	2	deutsch	Mi.
Entwicklung und Vertiefung von Managementkompetenzen der Medienwirtschaft	https://www.uni-weimar.de/qisserver/rds?state=verpublish&status=init&vmfile=no&publishid=51298&moduleCall=webInfo&publishConfFile=webInfo&publishSubDir=veranstaltung	Plenum	4	deutsch	Mo.
Entrepreneurship & Innovation: Experiment Museum!	https://www.uni-weimar.de/qisserver/rds?state=verpublish&status=init&vmfile=no&publishid=51711&moduleCall=webInfo&publishConfFile=webInfo&publishSubDir=veranstaltung	Seminar	4	deutsch	Mo.
Durchdringen_ to go through (Ba)	https://www.uni-weimar.de/qisserver/rds?state=verpublish&status=init&vmfile=no&publishid=51724&moduleCall=webInfo&publishConfFile=webInfo&publishSubDir=veranstaltung	Übung	2	deutsch	Do.
Atelierprojekt Radierung	https://www.uni-weimar.de/qisserver/rds?state=verpublish&status=init&vmfile=no&publishid=50645&moduleCall=webInfo&publishConfFile=webInfo&publishSubDir=veranstaltung	Projektmodul	18	deutsch	missing
5. Kernmodul: Klimalabor Ackerbürgerscheune	https://www.uni-weimar.de/qisserver/rds?state=verpublish&status=init&vmfile=no&publishid=51787&moduleCall=webInfo&publishConfFile=webInfo&publishSubDir=veranstaltung	Entwurf	8	missing	Do.
Design Futures: Zukunftsfähigkeit Gestalten	https://www.uni-weimar.de/qisserver/rds?state=verpublish&status=init&vmfile=no&publishid=51744&moduleCall=webInfo&publishConfFile=webInfo&publishSubDir=veranstaltung	Wissenschaftliches Modul	4	deutsch	Mo.
Begleitkurs"Einführung in die Volkswirtschaftslehre"	https://www.uni-weimar.de/qisserver/rds?state=verpublish&status=init&vmfile=no&publishid=51160&moduleCall=webInfo&publishConfFile=webInfo&publishSubDir=veranstaltung	Seminar	2	deutsch	Fr.
Being a Unicellular Organism	https://www.uni-weimar.de/qisserver/rds?state=verpublish&status=init&vmfile=no&publishid=51515&moduleCall=webInfo&publishConfFile=webInfo&publishSubDir=veranstaltung	Fachmodul	4	englisch	Sa.
Design and interpretation of experiments	https://www.uni-weimar.de/qisserver/rds?state=verpublish&status=init&vmfile=no&publishid=50889&moduleCall=webInfo&publishConfFile=webInfo&publishSubDir=veranstaltung	Integrierte Vorlesung	2	englisch	Di.
Begegnungen_ encounter with oneself (Ba)	https://www.uni-weimar.de/qisserver/rds?state=verpublish&status=init&vmfile=no&publishid=51571&moduleCall=webInfo&publishConfFile=webInfo&publishSubDir=veranstaltung	Workshop	2	deutsch/englisch	Do.
